product_id,platform,platform_id,was_active,stage,title
322,rakuten,rcmdse:17395743,true,amazon_done,"【単品6個セット】 パンパース 超吸収エアリー P&G 48枚(代引不可)【送料無料】"
523,rakuten,rcmdse:17394283,true,amazon_done,"【単品5個セット】 パンパース 超吸収エアリー P&G 48枚(代引不可)【送料無料】"
780,rakuten,buriruby:10830381,true,amazon_done,"白十字 日本製 厚手 ベビーコットン おしりふきコットン 140枚"
836,rakuten,rcmdva:13549358,true,amazon_done,"【単品15個セット】ビタット ミニサイズ ブラック (株)ビタットジャパン(代引不可)【送料無料】"
836,rakuten,rcmdva:13549336,true,amazon_done,"【単品14個セット】ビタット ミニサイズ ブラック (株)ビタットジャパン(代引不可)【送料無料】"
836,rakuten,at-life:12480170,true,amazon_done,"【送料込・まとめ買い×6点セット】ビタットジャパン ビタット 携帯用ミニサイズ ブラック"
836,rakuten,rcmdse:16324129,true,amazon_done,"【単品18個セット】ビタット ミニサイズ ブラック (株)ビタットジャパン(代引不可)【送料無料】"
836,rakuten,rcmdva:13549451,true,amazon_done,"【単品20個セット】ビタット ミニサイズ ブラック (株)ビタットジャパン(代引不可)【送料無料】"
1070,rakuten,boundless:10002506,true,amazon_done,"dacco(ダッコ) ベビーおしりふき ふた付 1200枚(100枚入×12個) 大容量 お徳用 厚手シート たっぷり純水99% 84611"
836,rakuten,rcmdse:16324027,true,amazon_done,"【単品14個セット】ビタット ミニサイズ ブラック (株)ビタットジャパン(代引不可)【送料無料】"
836,rakuten,rcmdva:13549382,true,amazon_done,"【単品16個セット】ビタット ミニサイズ ブラック (株)ビタットジャパン(代引不可)【送料無料】"
2008,rakuten,shopavail:10003217,true,amazon_done,"【800gx8缶】アイクレオ バランスミルク 0ヵ月から　グリコ 粉ミルク 赤ちゃん用ミルク 新生児ミルク 大缶 ミルク 育児用 新生児用 ベビーミルク あかちゃん 母乳近い 日本製 乳児用 セット 調製粉乳 まとめ買い ヌクレオチド"
2287,rakuten,rakuten24:11154461,true,amazon_done,"ビーンスターク つよいこ 缶(2缶入×4セット(1缶800g))【ビーンスターク】"
3651,rakuten,belletoi:11625912,true,amazon_done,"COMBI コンビ ラクマグ 漏れないストロー 340 N クリームソーダ"
561,amazon,B0B5VC4S48,true,amazon_done,"ユニ・チャーム ムーニー水あそびパンツブルーL 3枚"
2781,rakuten,gyomudrug:10007110,true,amazon_done,"【4個セット】キューピー たまごたっぷりぼうろ 離乳食 幼児食 ベビーフード おやつ お菓子 たまご 卵 自然な味わい 優しい口どけ 個包装 乳児用規格適用食品 着色料・香料不使用 対象年齢7か月から"
2804,rakuten,yoikenkou:10371933,true,amazon_done,"【送料込・まとめ買い×8個セット】ピジョン かんたん粉末+鉄 豆乳みそ汁 41g ベビーフード"
3096,rakuten,at-life:12342248,true,amazon_done,"【送料込・まとめ買い×5個セット】ピジョン かんたん粉末+鉄 和風そぼろ あんかけ 6袋入 ベビーフード"
3100,rakuten,shop-and-und:10070048,true,amazon_done,"stshell 使い捨て よだれかけ ベビー防水よだれかけ 食事用エプロン ビブ ベビービブ スタイ スーパービブ 離乳食エプロン 携帯 便利 洗濯不要 60枚入り"
3934,rakuten,tsjahop:10060918,true,amazon_done,"リッチェル アクリア おでかけストローマグR 200 ネイビーブルー 1個 200ml 7カ月"
3795,rakuten,maidora:10012221,true,amazon_done,"ピジョン マグマグコロン ストロー用 替え 2本セット くわえやすい角度 飲みやすい"
5663,amazon,B07DPDB6L5,true,amazon_done,"Bebe Pocket べべポケット ブラック"
4056,rakuten,formira88:10683823,true,amazon_done,"サーモス ベビーストローマグ NPF-350"
11292,amazon,B0016KESVA,true,amazon_done,"ジョンソンベビー ジョンソン ベビー全身シャンプー 泡タイプ 詰替用 350mL"
4580,rakuten,glittershop2024:10017904,true,amazon_done,"ベビー スタイ 360度 6重 ガーゼ 2枚 セット 花びら 型 赤ちゃん よだれかけ 女の子 男の子 付け襟 涎掛け エプロン お食事 用 通気 吸水 柔らかい スナップ ボタン 北欧 風 ドット 柄 おしゃれ"
210,amazon,B07Q34GM61,true,amazon_done,"ユニ・チャーム ムーニーマン エアフィット 女の子 L 44枚"
10625,rakuten,webdrug:10033763,true,amazon_done,"【合算3300円以上で注文可能】NOV ノブ ベビー フォーミングソープ 300ml※※"
7656,rakuten,sinca-ism-2:10065314,true,amazon_done,"【3980円以上で注文可能】フレイオイル ベビーオイル 140mL"
4217,amazon,B0BV983CB2,true,amazon_done,"PIGEON ピジョン じぶんでパクパク スプーン＆フォーク ケース付き FRUIT"
3958,amazon,B0BTTVGQT6,true,amazon_done,"rinaty ベビー食器 ひっくり返らない 吸盤 プレート シリコン かわいいくすみカラー 食洗機 電子レンジ"
3970,amazon,B0GWJYCZ5F,true,amazon_done,"離乳食 食器 吸盤 ベビー食器 ひっくり返らない くっつく シリコンボウル 食洗機対応 電子レンジ対応 かわいい くすみカラー 吸盤付き キッズ ミルキーベージュ (ベージュ色)"
4371,amazon,B0BTSWDZLF,true,amazon_done,"enne ひっくり返らない 離乳食 食器セット シリコンボウル スタイ スプーン ギフト 吸盤付き 赤ちゃん ベビー食器 ベビー シリコンプレート (カーキ（3点セット）)"
4434,amazon,B09SFTM872,true,amazon_done,"[kalavika] お食事エプロン 長袖 6ヶ月～54ヶ月 赤ちゃん お食事スタイ 女の子 男の子 ベビー ビブ 防水 軽量 ポケット付き スモック 子供 食事用エプロン 保育園 ベビーギフト 出産祝い"
4474,amazon,B09SFRTQ1P,true,amazon_done,"[kalavika] お食事エプロン 長袖 6ヶ月～54ヶ月 赤ちゃん お食事スタイ 女の子 男の子 ベビー ビブ 防水 軽量 ポケット付き スモック 子供 食事用エプロン 保育園 ベビーギフト 出産祝い"
4574,amazon,B0CDPKS7BP,true,amazon_done,"【保育士推奨！！】whitelapin お食事用エプロン 3D 立体 洗濯機で洗える 名前をかける ベビー エプロン よだれかけ タオルエプロン 保育園 (レモン)"
263,amazon,B0CCDC7BLX,true,amazon_done,"【パンツ ビッグより大きいサイズ】パンパース オムツ さらさらケア (15~28kg) 36枚"
451,amazon,B0BL3BG2RV,true,amazon_done,"【テープ Sサイズ】 ムーニー マシュマロ肌ごこち モレ安心 オムツ（4~8kg）70枚"
691,amazon,B07K1WXDWJ,true,amazon_done,"ユニ・チャーム ムーニーマン エアフィット 男の子 ビッグ パンツ38枚"
731,amazon,B0BL39VYWW,true,amazon_done,"【テープ 新生児サイズ】ムーニー マシュマロ肌ごこち モレ安心 オムツ（お誕生~5000gまで）76枚"
363,amazon,B01N1PKISE,true,amazon_done,"ユニチャーム ムーニー エアフィット お誕生～3000g 新生児用 テープタイプ 64枚【3個セット】"
372,amazon,B004OR2EHC,true,amazon_done,"【パンツ Lサイズ】メリーズさらさらエアスルー (9~14kg)56枚"
463,amazon,B0015MUYL2,true,amazon_done,"【水遊びパンツ Mサイズ】ムーニー水あそびパンツ 女の子 (7~10kg)3枚"
613,amazon,B0DJPDFSSW,true,amazon_done,"メリーズ 【パンツ Mサイズ】ずっと肌さらエアスルー (6~11kg)62枚 【Amazon.co.jp限定】"
504,amazon,B00187KHWK,true,amazon_done,"【パンツ Lサイズ】メリーズさらさらエアスルー (9~14kg)44枚"
540,amazon,B07FFH5NHR,true,amazon_done,"大王製紙 グーン パンツ まっさらさら通気 Lサイズ 女の子 56枚入 E521647H"
588,amazon,B0FNCKFYNR,true,amazon_done,"メリーズ パンツ 素肌さらさらエアスルー ビッグ XL 12-22kg 138枚 46枚x3パック 67492 ずっと肌さらエアスルー紙おむつ 赤ちゃん 箱入り 大容量 花王"
653,amazon,B01CG1TB4Q,true,amazon_done,"【テープ 小さめ新生児サイズ】ムーニー オムツ (3000gまで)64枚"
769,amazon,B09FY11H1L,true,amazon_done,"アンパンマン 純水99.9% おしりふき デコボコ 厚手 シート 赤ちゃん 日本製 60枚×3個 (180枚)"
1006,amazon,B0CG8DZHCF,true,amazon_done,"コストコ RICO 赤ちゃん用 お尻拭き BABY WIPES 大容量 ケース 900枚(100×9個) (1)(y-courage商標登録済)"
9059,amazon,B09FX58PY3,true,amazon_done,"レック(LEC) 純水ベビーケア 純水 99% おしりふき 80枚×3個 (240枚) 弱酸性 日本製"
966,amazon,B09BNT8KZC,true,amazon_done,"【美浜卸売-ORS4A01】ダッコ 赤ちゃんにやさしい おしりふきコットン 約８ｃｍ×１２ｃｍ ８０枚入×2個セット"
972,amazon,B0BD4J9RSF,true,amazon_done,"【まとめ買い】T.H.T 純水99% ヒアルロン酸配合 水分たっぷり 赤ちゃん 新生児からのおしりふき 80枚x3個パックx3セット(720枚入り)"
737,amazon,B09FX8ST8X,true,amazon_done,"レック(LEC) 純水ベビーケア 純水 99% おしりふき 80枚×3個 (240枚) 弱酸性 日本製"
1013,amazon,B08V8WSFPT,true,amazon_done,"【おしりふき 詰替用】ピジョン Pigeon おしりナップ ふわふわ厚手仕上げ ベビーオイルイン 66枚×6パック"
1161,amazon,B00U6ZBLZW,true,amazon_done,"タップリッチ 【おしりふき 詰替用】グーン 肌にやさしいおしりふき 1680枚(70枚×24個) [ケース販売] (ディズニーデザイン) 【Amazon.co.jp限定】"
2357,amazon,B09S5QL6F3,true,amazon_done,"【和光堂】 レーベンスミルク はいはい 810g×2缶パック(おしりふき付き) 粉ミルク 粉末 [0か月から1歳頃] ベビーミルク DHA・アラキドン酸配合"
2209,amazon,B09S5R75MT,true,amazon_done,"【和光堂】 フォローアップミルク ぐんぐん 830g×2缶パック(おしりふき付き) 粉ミルク 粉末 [満9か月頃から3歳頃] ベビーミルク 鉄・カルシウム・DHA配合"
7831,amazon,B01G3B3F4M,true,amazon_done,"ピジョン ベビークリーム 50g (0ヵ月~)×2個パック"
4583,amazon,B0GFD9PCVT,true,amazon_done,"[tecopeco] 離乳食エプロン 2枚セット 食洗器対応 ベビースタイ ～柔らかシリコン素材～【くるっと畳んでコンパクト収納】お家でも外食でも◎ お食事エプロン ベビー 防水 シリコンビブ"
8220,amazon,B0GZ5WJYFF,true,amazon_done,"【２個】アトピタ 保湿UVクリーム SPF50(PA++++) 30gX2個(4987133015452-2)"
1738,amazon,B0CKYG1PC9,true,amazon_done,"スケーター(Skater) 哺乳瓶 ポーチ 哺乳瓶ケース 哺乳瓶カバー はらぺこあおむし BHOP2-A"
4593,amazon,B09SFPSTZ2,true,amazon_done,"[kalavika] お食事エプロン 長袖 6ヶ月～54ヶ月 赤ちゃん お食事スタイ 女の子 男の子 ベビー ビブ 防水 軽量 ポケット付き スモック 子供 食事用エプロン 保育園 ベビーギフト 出産祝い"
1439,amazon,B0BTD6RCJV,true,amazon_done,"ChuChu（チュチュ） マルチフィット広口タイプシリコーンゴム製乳首 1個入 日本製 新生児 卒乳 全月齢"
4650,amazon,B0BZS2MTJZ,true,amazon_done,"[GoUseGo] お食事エプロン 長袖 ベビー 食事用エプロン 男の子 5ヶ月～5歳 洗える 袖付き 離乳食エプロン 防水 食事スタイ 赤ちゃん エプロン 幼児 スモック 子供 キッズ 保育園 幼稚園 入園準備"
6260,amazon,B0CS6CF629,true,amazon_done,"OSJ チャイルドシート 新生児 ISOFIX 0歳~12歳頃 360度回転式 40~150cm ジュニアシート 長く使える 取付簡単 自動車 カー用品 ベビーシート リクライニング 調節可能 洗える ブラック (13段階調節)"
5662,amazon,B0D8PT5PJK,true,amazon_done,"【グスケット365抱っこ紐】【ママリ口コミ大賞受賞】2WAY セカンド抱っこひも ヒップシート スリング 腰すわり～20kgまで 簡単 コンパクト 滑り止め 男女兼用 赤ちゃん 収納巾着ポーチ付き グスケット GOOSEKET (グレー)"
10803,amazon,B0B9G5DFM5,true,amazon_done,"arau.(アラウ)アラウ.ベビー 泡全身ソープ 詰替 400ｍｌ"
11105,rakuten,kusuri-hagakure:10144663,true,amazon_done,"資生堂 2e baby(ドゥーエベビー) 泡シャンプー 敏感肌用 300mL 4個セット"
3607,rakuten,at-life:11961342,true,amazon_done,"【送料込・まとめ買い×5個セット】スケーター 折りたたみ 紙パック 飲料ホルダー ハローキティ 70年代 DHP2"
4703,amazon,B0BC8CQ1GM,true,amazon_done,"[kalavika] お食事エプロン 長袖 食事スタイ 洗える 離乳食 エプロン 袖付き 赤ちゃん 女の子 男の子 ベビー スモック 防水 子供 食事用エプロン 0歳 1歳 2歳 3歳 4歳 5歳 保育園 入園準備 出産祝い"
4739,amazon,B09QSHYJW4,true,amazon_done,"[kalavika] お食事エプロン ベビー 長袖 食事スタイ 袖付き 離乳食 エプロン 赤ちゃん 食事用エプロン 防水 スモック 子供 キッズ 女の子 男の子 0歳 1歳 2歳 3歳 4歳 5歳 保育園 入園準備 出産祝い"
4862,amazon,B09SFVG19M,true,amazon_done,"[kalavika] お食事エプロン 長袖 6ヶ月～54ヶ月 赤ちゃん お食事スタイ 女の子 男の子 ベビー ビブ 防水 軽量 ポケット付き スモック 子供 食事用エプロン 保育園 ベビーギフト 出産祝い"
4887,amazon,B09V4NT55N,true,amazon_done,"[kalavika] お食事エプロン 離乳食 お食事スタイ 防水 柔らかい ベビー エプロン 北欧 赤ちゃん スタイ 女の子 男の子 ベビービブ ポケット付き 幼児 保育園 入園準備 食事用エプロン 出産祝い"
4888,amazon,B09SFV3597,true,amazon_done,"[kalavika] お食事エプロン 長袖 6ヶ月～54ヶ月 赤ちゃん お食事スタイ 女の子 男の子 ベビー ビブ 防水 軽量 ポケット付き スモック 子供 食事用エプロン 保育園 ベビーギフト 出産祝い"
5003,amazon,B0BDLP22X7,true,amazon_done,"[kalavika] お食事エプロン ベビー 長袖 北欧 2枚セット 袖付きエプロン 防水 離乳食 エプロン 赤ちゃん お食事スタイ 女の子 男の子 幼児 スモック 0歳 1歳 2歳 3歳 4歳 5歳 子供 食事用エプロン 保育園 入園準備"
11456,rakuten,formira88:10683833,true,amazon_done,"【S-502・503・504用】メルシーポット用 部品・消耗品 ベビちゃんクリップ"
9676,amazon,B0BL1H3C6B,true,amazon_done,"ベビーチェア ハイローチェア 折りたたみ 取り外し可能なキャスター 足置き 二段テーブル付き 五点式安全ベルト 高さ調節 離乳食 お食事椅子 テーブルチェア 赤ちゃん用 キッズチェア 子供イス 多機能 組立簡単 出産祝い ６か月~４歳"
6748,amazon,B003230O5I,true,amazon_done,"ライオン DENT.EX コドモ歯ブラシ 20本入 12M(混合歯列後前期・5～9歳)(イヌ)"
9997,amazon,B0F7QZVBZZ,true,amazon_done,"ベビーチェア テーブル 折りたたみ 軽量 ベビー椅子 赤ちゃん 子供 キッズチェア お食事椅子 携帯 ダイニングテーブルと椅子 6ヶ月から3歳まで 多機能チェア (グレー)"
10033,amazon,B08SLPQ1R3,true,amazon_done,"【beehive】ベビーチェア ローチェア スマートハイチェア 赤ちゃん用 お食事椅子 離乳食 テーブルチェア ポータブルカバー 多機能 子供イス 北欧風 ６か月~４歳(グリーン)"
10165,amazon,B0CKYWSR5L,true,amazon_done,"enne. 多機能 ベビーチェア ハイチェア ローチェア 折りたたみ 持ち運び ハイローチェア ベビー 赤ちゃん 椅子 テーブル付き お食事 離乳食 (Beige)"
10199,amazon,B0FQ9ZKZTY,true,amazon_done,"KIMINO テーブルチェア【生後6ヶ月から利用できる】ベビーチェア 折りたたみ テーブルチェア 離乳食 赤ちゃんテーブルイス 5点式安全ベルト イス 子ども用 お食事椅子 ベビー 家庭/外食/旅行用"
12229,rakuten,vlookupstore:10668287,true,amazon_done,"Assky ベビーゲート ロール式 ペットゲート伸縮 取り付け簡単 粘着テープ式 ドリル不要 転落防止 ベビー 子猫、子犬 用 玄関 階段 キッチン 安全ゲート ブラック 130x78cm"
7555,amazon,B07W19CGNZ,true,amazon_done,"PIGEON ピジョン フィルベビーミルクローション 380g 570434"
6944,amazon,B001V7YPKM,true,amazon_done,"エビス ハローキティ子供ハブラシ6才以上"
5573,amazon,B0DJXWR436,true,amazon_done,"ベビーカー おでかけバギー B型 折高炭素鋼 軽量 ハイシート 大型タイヤ 日よけカバー ベビーウォーカー 折りたたみ式 超軽量 スクーター ベビーカー b型 折りたたみ 自立式 コンパクト バギー 丸洗い可 新生児 出産お祝い 日本語説明書付き(ブラック)"
7810,amazon,B0CTQB7RTT,true,amazon_done,"ピジョン Pigeon 薬用ローション ももの葉 キューブパック 600ml【大容量】"
6921,amazon,B0BSDG499X,true,amazon_done,"360度毛歯ブラシ POPOTAN(ぽぽたん) 優(カラーいずれか1本)(やわらかめ)"
7005,amazon,B01IHGUNGY,true,amazon_done,"エビス 名探偵コナン ハブラシ 3~6才 6本組 (色おまかせ)"
8515,amazon,B0F7GC52P9,true,amazon_done,"【セット売り】花王 ビオレUV アクアリッチ アクアプロテクトミスト 60ml つけかえ用ミスト 60ml"
7062,amazon,B0G8TBY4FM,true,amazon_done,"ピ ジ ョ ン 乳歯ブラシ レッスン段階3 12か月頃から グリーン 2本入 乳歯ケア 歯磨き 赤ちゃん お手入れ グッズ 安全性 使いやすい オリジナルロゴ入りパッケージH"
7070,amazon,B0DSJ16545,true,amazon_done,"スケーター(Skater) 子供用 歯ブラシ 園児用 3-5才 やわらかめ 8本入 14cm ポケモン 2025 TB5SE"
7188,amazon,B084JG1HFZ,true,amazon_done,"ピジョン 乳歯ブラシ レッスン段階1 4・5か月~ イエロー 1個 (x 1)"
7242,amazon,B0FJKXT3P6,true,amazon_done,"SODATECO（ソダテコ）こども歯ブラシ 6～12歳 やわらかめ（子供 小学生 乳歯 永久歯 混合歯 はえかわり期 2倍長持ち毛 サンスター）"
8295,amazon,B0D3PTFVPJ,true,amazon_done,"【限定品】ビオレUV アクアリッチ アクアプロテクトミスト マジックアワー 60mL SPF50/PA++++ 2個セット"
8368,amazon,B0G31CBHWQ,true,amazon_done,"スキンアクア (SKIN AQUA) トーンアップUVエッセンス ブルー（化粧下地 崩れにくい 透明感アップ）"
7117,amazon,B000FQRVGA,true,amazon_done,"KISS YOU(キスユー) イオン歯ブラシ 極細レギュラー ふつう 替えブラシ (2本) ※色はお選びいただけません。"
7155,amazon,B0012R9XH6,true,amazon_done,"エビス ハブラシキャップ抗菌・大人用(3コ入)"
7296,amazon,B08GS4NVDW,true,amazon_done,"エビス プログリップハブラシtypeI ふつう 3本組 おまかせ 1個 (x 3)"
7308,amazon,B08G17WLR6,true,amazon_done,"エビス プログリップハブラシふつう"
6761,amazon,B0FKHBYR6L,true,amazon_done,"SODATECO（ソダテコ）こども歯磨き粉 辛くない ソフトミント フッ素配合1450ppm（子供 ハミガキ 小学生・中学生向け 虫歯予防 医薬部外品 サンスター）70g"
6803,amazon,B0D4LQWQXG,true,amazon_done,"【Amazon.co.jp限定】クリニカKid's [医薬部外品] ジェルハミガキ グレープ香味 60g×4個+フロス付き 子供用歯磨き粉 フッ素 ムシ歯 仕上げみがき"
6847,amazon,B01I8W96SI,true,amazon_done,"コンビ Combi テテオ teteo はじめて歯みがき 仕上げみがき用 (歯の本数の目安:1本~) 15度ななめネック"
7006,amazon,B0CDC45BQL,true,amazon_done,"PIGEON ピジョン おやすみ前のフッ素コート500ppm いちご味"
7233,amazon,B000BNCBB2,true,amazon_done,"PIGEON ピジョン 親子で乳歯ケア 歯みがきナップ 42包入"
10792,amazon,B0FQBYQK86,true,amazon_done,"アトピタ 保湿全身泡ソープ詰替え用 350ml"
3960,amazon,B0F2S4JWK2,true,amazon_done,"花瓶 陶器 3点セット 花びん おしゃれ 北欧風 花器 小さい かわいい 一輪挿し シンプル 飾り プレゼント 花器 生花 ドライフラワー 造花 フラワーベース セット インテリア アレンジメント リビングルーム 寝室 オフィス ギフトに最適 花瓶 (セット3：オレンジ+アプリコット+ブルー)"
10337,amazon,B09R9M736V,true,amazon_done,"PIGEON ピジョン 全身泡ソープ ベビーフラワーの香り 詰替用 2回分 800ml"
4046,amazon,B0FRSRJDVV,true,amazon_done,"rinaty【5点セット】ベビー食器セット ひっくり返らないベビー食器 吸盤付き 出産祝い 男の子 女の子 【食品衛生法適合 食洗機 電子レンジOK ギフトラッピング済】 (ゴールデンイエロー)"
4112,amazon,B08HLMWKPP,true,amazon_done,"[ミキハウス] テーブルウェアセット 46-7123-827 男の子 女の子 白"
4118,amazon,B0CFKW38ZM,true,amazon_done,"ケーキディスプレイスタンド セラミック ケーキ陳列台 西洋風 円形 2段/3段 デザートスタンド フルーツプレート デザート展示台 飾り付け お菓子 アフタヌーンティー パーティー用 クマ飾り 宴会テーブル"
4229,amazon,B0BS2YYWPP,true,amazon_done,"rinaty 離乳食 食器 吸盤 ベビー食器 ひっくり返らない くっつく シリコンボウル 食洗機対応 電子レンジ対応 かわいい くすみカラー 吸盤付き キッズ"
4246,amazon,B0FJKTWWCM,true,amazon_done,"PIGEON ピジョン magmag マグマグ 成長実感 3種のコップ&ストローセット"
4253,amazon,B075ZXXXHZ,true,amazon_done,"[10mois(ディモワ)] mamamanma(マママンマ) プレートセット ブルー 18151007"
4311,amazon,B0D99FZR1J,true,amazon_done,"スケーター(Skater) ベビー用 カトラリー スプーン･フォークセット はらぺこあおむし（パステル） SFB2"
4349,amazon,B0D9D7QJQF,true,amazon_done,"お椀 味噌椀 汁椀 漆塗 2個 セット 木製 飯碗 味噌汁 夫婦椀 木目 多様椀 おわん 食器セット 茶碗 ギフト"
4898,amazon,B08T9T1KTB,true,amazon_done,"【 2枚セット 】MINGYI お食事エプロン 食事用エプロン ベビー 長袖 マジック式 子供用 防水 軽量 立体ポケット 6ケ月～3歳【1年安心保障付き】…"
4500,amazon,B08XYVQ8GW,true,amazon_done,"miffy ミッフィー ベビービブ チューリップ ホワイト MFBB787"
4558,amazon,B098SWV7MW,true,amazon_done,"[NITONAMI] よだれかけ ベビー ビブ スタイ 赤ちゃん エプロン 食事用 柔らかい 綿100% 360度回転 柔らかい 4枚セット 保育園用"
4586,amazon,B0GVBKTK3R,true,amazon_done,"[ZHICHUANGW] スタイ 6枚セット 防水 360度 新生児 6層ガーゼ 男女兼用 よだれかけ 男の子 女の子 柔らかい 食事用 お出かけ ギフト"
4611,amazon,B0F1ZWFN7B,true,amazon_done,"[Comfort U] よだれかけ スタイ ベビー ビブ 男の子 女の子 5枚セット 綿100％ 6重ガーゼ 吸水 柔らかい スナップボタン サイズ調整可能 赤ちゃん 可愛い エプロン お食事スタイ おしゃれ おでかけ 無地 出産準備 ギフト 保育園 入学準備"
4630,amazon,B0CY6W6DRC,true,amazon_done,"[ムーミン] タオル美術館 フルーツミックス スタイB 47-7027181 B"
4632,amazon,B0GVZGBCG2,true,amazon_done,"[DDUDDI DDUDDI] ベビー 8重ガーゼ スタイ 綿100% 贅沢なボリューム 高吸水 通気性 よだれかけ ふわふわ 赤ちゃん 出産祝い ギフト (GREY)"
4646,amazon,B0FY6K726X,true,amazon_done,"[Tiny Twinkle] [タイニートゥインクル] イージービブ3枚セット 【日本正規品】 6～24ヵ月 畳めるスナップボタン付き 食事用エプロン 離乳食エプロン 保育園エプロン 防水 洗濯機OK TT-EB3-P15 Cars/Flags/2635C"
4702,amazon,B01ITXDJEI,true,amazon_done,"[コッパーパール] スタイ よだれかけ 男の子 女の子 防水 赤ちゃん 米国発/バンダナ ビブ 4枚セット ジャクソン"
4721,amazon,B0DLKS13MN,true,amazon_done,"[QIKEJI] よだれかけ 女の子 男の子用 綿100% スタイ 花びら型 柔らかい 防水 ガーゼ 360度回転エプロン かわいいデザイン 吸水性 ベビースタイ ベビーバス 幼稚園用 (5枚セット)"
4737,amazon,B07B456M6H,true,amazon_done,"aden + anais エイデンアンドアネイ スナップ付きよだれかけ サファリ 3枚セット モスリンコットン 洗える 赤ちゃん用 BBADAEJ735"
4791,amazon,B0D1BPCWD4,true,amazon_done,"[Little Dimsum] 長袖エプロン お食事ベビーエプロン 防水ポケット付き 軽量 速乾 子供 保育園 幼稚園6-36ヶ月(2枚セット)（木の葉）"
4825,amazon,B083L99J87,true,amazon_done,"[コッパーパール] スタイ よだれかけ 男の子 女の子 防水 赤ちゃん 米国発/バンダナ ビブ 4枚セット レノン"
4826,amazon,B0FSS565PY,true,amazon_done,"[Little Dimsum] お食事エプロン 離乳食エプロン 長袖 防水 ポケット付き 軽量速乾 保育園 幼稚園用 男の子 女の子 6-36ヶ月"
4980,amazon,B09SFPJF7F,true,amazon_done,"[kalavika] お食事エプロン 長袖 6ヶ月～54ヶ月 赤ちゃん お食事スタイ 女の子 男の子 ベビー ビブ 防水 軽量 ポケット付き スモック 子供 食事用エプロン 保育園 ベビーギフト 出産祝い"
11268,amazon,B009631POM,true,amazon_done,"キューピー しっとり全身ベビーソープ 泡タイプ つめかえ用 350ml 無香料"
10665,amazon,B000CCV6X6,true,amazon_done,"アトピタ 全身ベビーソープ 泡タイプ 詰替え用 300ml"
10763,amazon,B09R9MTS74,true,amazon_done,"PIGEON ピジョン ベビー全身泡ソープ しっとり 詰替用 2回分 800ml"
10854,amazon,B09R9K1M3K,true,amazon_done,"ピジョン Pigeon ベビー全身泡ソープ 詰めかえ用 400ml"
3755,amazon,B084PMGW7Y,true,amazon_done,"スケーター(Skater) ステンレス 子供用 水筒 380ml ストロー飲み 3D ハローキティ おやつタイム SSPV4 サンリオ-A"
3738,amazon,B07KWVRGM1,true,amazon_done,"スケーター (skater) 折りたたみ式 両手ハンドル ストローマグ はらぺこあおむし 260ml KSHW1"
3726,amazon,B0FRD66BMJ,true,amazon_done,"リッチェル(Richell) アクリア いきなりストローマグセット KN ライトピンク 6カ月頃から トレーニング 吸いやすい 漏れない"
3634,amazon,B0F43J1FQF,true,amazon_done,"リッチェル トライ ストロー飲みマスターセット 200ml レッド 名入れ付き 生後5カ月頃～ ベビーマグ ストローマグ 赤ちゃん 水分補給 出産祝い ギフト"
9950,amazon,B0H36BVWDM,true,amazon_done,"ベビーチェア 折りたたみ ハイチェア ローチェア 赤ちゃん テーブル 付き 離乳食 食事 ハイローチェア 高さ調節 椅子 2way 持ち運び ロー 立ち上がり防止 クッション 折り畳み チャイルドチェア テーブルチェア"
9873,amazon,B0CKYXQ27G,true,amazon_done,"enne. 多機能 ベビーチェア 折りたたみ ハイチェア 持ち運び 子供 椅子 ベビー 赤ちゃん ローチェア テーブル付き キッズチェア 離乳食 幼児 (Pink)"
11419,amazon,B01MUABCPP,true,amazon_done,"【セット品】パックスベビー 詰替用全身シャンプー 300ml (3個)"
9748,amazon,B0FXGGHKJP,true,amazon_done,"「FLYKING」4-in-1ベビーカー リクライニングベビーバウンサー ロッキングチェア、多機能、新生児用バウンサー 食事用トレイ キャスター付き 角度調節可能 洗える ベビー用品 ベビーチェア 離乳食 ギフト (グリーン)"
4856,amazon,B08R83NDRH,true,amazon_done,"[Poksun] 使い捨て エプロン お食事エプロン 携帯用 よだれ掛け ビブ 離乳食 防水加工 ３重防水 お出かけ おしゃれ 出産祝い 60枚入り 可愛い アイコン"
4399,amazon,B0FN3GP3DN,true,amazon_done,"離乳食スプーン 2本セット ベビースプーン 温感 温度で色が変わる 赤ちゃんの火傷防止 ベビー用品 食器 食器セット 男の子 女の子"
11900,amazon,B0FLK3HJ5Y,true,amazon_done,"吸引 シリコン チューブ 電動鼻水吸引器 交換部品 長さ100㎝ 内径7mm 外径10mm 消耗品 半透明 吸引チューブ ポット"
11996,amazon,B0BZZ84XXB,true,amazon_done,"【簡単よくとれる】 MamaCute 鼻水吸引器 鼻吸い器 [0歳から使える] [子どもが嫌がりにくい] 静音設計 乳幼児向け ハンディ 真空ポンプ式"
12140,amazon,B0B25PKZVJ,true,amazon_done,"非接触式電子温度計赤外線： 1秒測定 32回記録 非接触型"
12194,amazon,B0DT5VR8QJ,true,amazon_done,"Fairy Baby ベビーゲート ロール 最大取付幅300cm 最大取付幅3m 高さ88cm 超ロング 階段上 ワイドゲート 巻き取り式 段差なし バリアフリー 伸縮型 格納式ベビーゲート ペットゲート 引き込み メッシュ布 赤ちゃんゲート ロック機能 折りたたみ式 キッチン ホワイト"
12224,amazon,B0GCKFVNHM,true,amazon_done,"ベビーゲート ロール 穴あけ不要 赤ちゃん ゲート ペットゲート 階段上 高さ97cm 最大幅140cm 巻き取り式 室内 玄関 台所 日本語の説明書付き (白い色, 140cm)"
12240,amazon,B09CTGNW47,true,amazon_done,"Seogva ベビーゲート ハイタイプ 高さ103cm 拡張フレーム付き 自動ロック 高さ100cm以上つっぱり式 穴開け不要 前後90度開閉 セーフティー安全ゲート 扉開閉式 二重ロック ブラック ホワイト 設置幅75-83cm"
12339,amazon,B002N2DYVU,true,amazon_done,"グリーンライフ グリーンライフ(GREEN LIFE) ベビーフェンスL 幅130~185×奥行4.3×高さ60cm 間口に合わせて設置 RBF-LY(BR) ブラウン L"
12433,amazon,B0CYZVF6QC,true,amazon_done,"ＧＵ ＭＯＤＥ ベビーゲート 置くだけ ベビーサークル キッズパーテーション ベビーフェンス ペットゲート 簡単設置 折りたたみ ロングパネル おしゃれ (グレー・ベージュ, 幅260cm)"
12287,amazon,B0D9W4TB2X,true,amazon_done,"ベビーゲート ロール式 【ネジ付け可＆貼り付け可】 幅140CM ペットゲート ベビーゲート 階段上 巻き取り式 階段ゲート 格納式 安全ロック機能 赤ちゃん/ペット/猫/犬に適応 日本語取扱説明書付き (グレー, 最大幅140cmｘ高86cm)"
12295,amazon,B0DN5WKLQL,true,amazon_done,"Seogva ベビーゲート 取付幅69-76cm 高さ78㎝ ベビーゲート 突っ張り式 バリアフリーベビーゲート ペットゲート スチールゲート ドア付き 間仕分けゲート"
12361,amazon,B01CZZ6TPW,true,amazon_done,"ベビーダン ベビーゲート マルチダン 黒 幅62.5-106.8cm バリアフリー 階段 BD109"
12453,amazon,B0D9LJFY75,true,amazon_done,"アイリスプラザ スチールゲート専用拡張パネル30cm モカブラウン 1270207171"
12458,amazon,B0D9LFD2MF,true,amazon_done,"アイリスプラザ スチールゲート専用拡張パネル45cm ミルキーホワイト 1270207174"
12523,amazon,B0814JGLD7,true,amazon_done,"4個セット ベビーゲート ペットゲート つっぱり ウォールセーバー 赤ちゃん ゲート 犬 猫 柵 階段上 すべり止め パッド キッチン すべりどめパッド baby gate 階段 ベビーげいと ゲイト ベビーガード 進入防止"
12503,amazon,B0FHPR7FVL,true,amazon_done,"まちの波 ベビーゲート ペットゲート つっぱり 4個セット ウォールセーバー 安全ベビーゲート壁プロテクター 犬 猫 柵 階段上 すべり止め すべりどめパッド 保護 進入防止 階段ゲート延長壁セーバー"
12560,amazon,B0GC5PB7SL,true,amazon_done,"置くだけ自立式 伸縮ラティス ペットゲート/ベビーゲート 幅調整35～170cm 折りたたみ可能 軽量木製 階段・室内ドア用 おくだけ設置で小型犬・赤ちゃんの柵 ペットフェンス"
12577,amazon,B0CRHJ1K4X,true,amazon_done,"犬ドア 犬用ペットフェンス 安全ゲート ペットゲート 高さ45cm 4cm柵間隔 バリアゲート ロック付き 犬網 脱走防止 侵入防止 ドアストッパー 間仕切り メッシュ 突っ張りタイプ 庭 室内 玄関 階段 室外 ハイタイプ コンパクト 取付幅69-75cm"
12583,amazon,B0GPR1FDM4,true,amazon_done,"Vaguelly 階段取り付け用圧力マウントゲートネジ 大型Y字型トップボルト付属 とペットの確保向け家庭用固定ネジ 2個セット"
12601,amazon,B0D3QDV49C,true,amazon_done,"ＧＵ ＭＯＤＥ ベビーゲート 置くだけ ベビーサークル キッズパーテーション ベビーフェンス ペットゲート 簡単設置 折りたたみ ロングパネル おしゃれ (扉ベージュ, 幅260cm)"
12653,amazon,B0DCZLRW2V,true,amazon_done,"ベビーサークル 折りたたみ ベビーフェンス ベビーガード パーテーション 置くだけ ペットゲート ドア付き 二重保護 脱走防止 簡単設置 玄関用 安全柵 自由自在に変形 簡単組立 ロングパネル おしゃれ 150*180"
3495,amazon,B0FTZ25LRM,true,amazon_done,"リッチェル(Richell) ベビーチェア フィージーR ホワイト 6カ月～3才頃 ローチェア 椅子 子供 食事 テーブル 取り外し可"
3504,amazon,B0FTZ2D1V6,true,amazon_done,"リッチェル(Richell) ベビーチェア フィージーR ベージュ 6カ月～3才頃 ローチェア 椅子 子供 食事 テーブル 取り外し可"
3724,amazon,B0FTZ377PJ,true,amazon_done,"リッチェル(Richell) ベビーチェア フィージーR ミントブルー 6カ月～3才頃 ローチェア 椅子 子供 食事 テーブル 取り外し可"
10657,amazon,B000FNU4GC,true,amazon_done,"ピジョン ベビー石けん 90g 2個パック (0ヵ月)"
7975,amazon,B00C6TLN9U,true,amazon_done,"アトピタ 保湿UVクリーム 30g SPF29++"
1623,amazon,B08CTG6MMG,true,amazon_done,"【美浜通商-ORS4A01】 スリムタイプ哺乳びん 耐熱ガラス製 240mL"
1749,amazon,B0DKC29R2G,true,amazon_done,"【美浜通商-ORS4A01】カネソン ママニップルシールド 乳頭保護器 Sサイズ 2枚入 ケース付"
1552,amazon,B0H1YDNSP5,true,amazon_done,"旅行用粉ミルク保存容器 | 4分割携帯用子供おやつ収納オーガナイザー - プロテインパウダー旅行用収納ケース - 家庭 保育園 室内 外出 散歩 散策 休暇 用"
3369,amazon,B0F43HHL64,true,amazon_done,"リッチェル トライ もれない保冷ストローマグ 300ml ライトグレー 名入れ付き 生後7カ月頃～ ストローマグ ベビーマグ 赤ちゃん 水分補給 出産祝い ギフト"
3380,amazon,B0C4N5KQZT,true,amazon_done,"スケーター(Skater) ストロー マグボトル 350ml 保冷専用 ステンレス 水筒 となりのトトロ スタジオジブリ ワンタッチオープン STOT3ST-A"
896,amazon,B007M82QBY,true,amazon_done,"ユニ・チャーム株式会社 ライフリーおしりふき　トイレに流せる　７２枚入 ×3個セット"
3489,amazon,B0DG1KPSFX,true,amazon_done,"スケーター(Skater) ベビー食器 小鉢 子供用 5ヵ月頃～ 抗菌 プラスチック製 290ml 子供食器 サンリオ ハローキティ 日本製 XP24AG"
3448,amazon,B0BTNY1G4K,true,amazon_done,"COMBI コンビ ラクマグ はじめてコップ 240 N くも"
3618,amazon,B0F43J5V2B,true,amazon_done,"リッチェル トライ のみやすいコップマグ 200ml ピンクオレンジ 名入れ付き 生後8カ月頃～ ベビーマグ コップ 赤ちゃん 水分補給 出産祝い ギフト"
3706,amazon,B0CTLVFX6B,true,amazon_done,"サーモス まほうびんのベビーストローマグ 飲み口とパッキンが一体 250ml パステルピンク ディズニー ミニー 保冷専用 FJT-250DS P-P"
3550,amazon,B0F3GGWDRQ,true,amazon_done,"Combi コンビ ラクマグ はじめてコップ 240ml いぬ 5ヶ月頃から 日本製マグシリーズ【25年モデル】"
3733,amazon,B0CWGTZGHN,true,amazon_done,"オーエスケー（OSK) 子供用 プラカップ コップ 300ml 星のカービィ H/K No.3 日本製 C-7"
3782,amazon,B0FH1MDJRT,true,amazon_done,"ベビーストローマグ 360ml 名入れ sweetsデザイン (グレー(ハンドル))"
4273,amazon,B07T74JCMX,true,amazon_done,"スケーター(Skater) ベビー用 マグカップ ストロー付き コップ はらぺこあおむし 370ml KSHW2N"
4043,amazon,B0DJBFML87,true,amazon_done,"スケーター(skater) ベビー用 ストローマグ 折りたたみハンドル&ショルダー式 2WAYタイプ 370ml 対象年齢1才頃から バーガーコンクス KSHW2N"
4131,amazon,B0169H6JYI,true,amazon_done,"レック アンパンマン ストローカップ 3個入 パート2 (3色別柄)"
